id;company_slug;rating_count;average_rating;created_at;updated_at
40527b60-be7d-41a6-a62e-1bac36474f1c;morgan-stanley;155;78.7096774193548387;2026-01-13 15:06:13.187575+00;2026-01-13 15:06:13.187575+00
2f179cf1-b73a-442d-ab46-c43cbeba2a4d;hsbc;127;80.4724409448818898;2026-01-13 15:06:13.187575+00;2026-01-13 15:06:13.187575+00
f32c21ab-a5e0-424a-87b3-faa1f689feca;bank-of-america;136;79.5588235294117647;2026-01-13 15:06:13.187575+00;2026-01-13 15:06:13.187575+00
5aeb3f9e-480f-4792-a9c7-edeec71b140c;blackrock;214;68.1308411214953271;2026-01-13 15:06:13.187575+00;2026-01-13 15:06:13.187575+00
d466320b-b05c-4580-89fc-335e9a801296;wells-fargo;135;79.8518518518518519;2026-01-13 15:06:13.187575+00;2026-01-13 15:06:13.187575+00
19d4b3ca-ec1c-41b7-adf6-257350c8110f;merrill-lynch;135;81.1851851851851852;2026-01-13 15:06:13.187575+00;2026-01-13 15:06:13.187575+00
634cce1d-e48e-4ffe-8f32-28f9982a35f7;vanguard;192;68.1250000000000000;2026-01-13 15:06:13.187575+00;2026-01-13 15:06:13.187575+00
bb65a3ba-d12b-43ef-b4a4-de51aff5980a;interactive-brokers;196;68.0612244897959184;2026-01-13 15:06:13.187575+00;2026-01-13 15:06:13.187575+00
33cd0607-de75-4983-a98c-d40d54a0ccb1;ubs;138;81.1594202898550725;2026-01-13 15:06:13.187575+00;2026-01-13 15:06:13.187575+00
1473ab4b-fc38-4207-8e14-3cba99fb98f2;etrade;131;78.9312977099236641;2026-01-13 15:06:13.187575+00;2026-01-13 15:06:13.187575+00
e2f5b8b4-5e8c-4122-9a92-9839ac7d781f;schwab;179;68.4916201117318436;2026-01-13 15:06:13.187575+00;2026-01-13 15:06:13.187575+00
3caf3f4d-8b5d-4bd2-bcdd-bb1b3ca4543c;citigroup;154;80.3896103896103896;2026-01-13 15:06:13.187575+00;2026-01-13 15:06:13.187575+00
bd8af74e-0529-4c91-a4c2-dde8c975c3e4;credit-suisse;154;79.0909090909090909;2026-01-13 15:06:13.187575+00;2026-01-13 15:06:13.187575+00
244929f5-38d2-417f-9ff3-b80bc4bbd3c7;barclays;154;79.0909090909090909;2026-01-13 15:06:13.187575+00;2026-01-13 15:06:13.187575+00
055bc498-4d02-40d6-8d1a-e7db59a01ac0;robinhood;218;67.5229357798165138;2026-01-13 15:06:13.187575+00;2026-01-13 15:06:13.187575+00
58671d08-15b3-4f7a-bd38-e866172a3112;goldman-sachs;147;77.6870748299319728;2026-01-13 15:06:13.187575+00;2026-01-13 15:06:13.187575+00
d190c71f-417d-42bb-801e-bb88f582b166;jpmorgan;168;68.3333333333333333;2026-01-13 15:06:13.187575+00;2026-01-13 15:06:13.187575+00
a4b96c92-345a-451a-80e4-dd060b2b94b0;deutsche-bank;163;79.8773006134969325;2026-01-13 15:06:13.187575+00;2026-01-13 15:06:13.187575+00
93e74c22-d3ae-4ed7-bdec-c07257314515;ally-invest;156;75;2026-01-15 18:20:36.298574+00;2026-01-15 18:20:36.298574+00
a7d9d3c7-980b-443e-a321-7b2bc9046154;appaloosa;89;68;2026-01-15 18:20:36.298574+00;2026-01-15 18:20:36.298574+00
a9a5d6ea-0b3f-448c-86f2-7f00a8db207b;aqr;234;72;2026-01-15 18:20:36.298574+00;2026-01-15 18:20:36.298574+00
66b00f6c-5695-4765-9b93-1abc5696e296;bmo;312;71;2026-01-15 18:20:36.298574+00;2026-01-15 18:20:36.298574+00
18b3b787-466a-45ab-9026-8d5b2f555458;bridgewater;445;76;2026-01-15 18:20:36.298574+00;2026-01-15 18:20:36.298574+00
bd378944-f8bf-4eb0-b169-890ba69654c6;brookfield;178;69;2026-01-15 18:20:36.298574+00;2026-01-15 18:20:36.298574+00
93175e99-16e3-4178-a5e0-29a20e3ba9c4;charles-schwab;523;85;2026-01-15 18:20:36.298574+00;2026-01-15 18:20:36.298574+00
c575a719-1ba7-4de5-978a-0abd0057ae35;cibc;267;70;2026-01-15 18:20:36.298574+00;2026-01-15 18:20:36.298574+00
f3843c4b-80f2-4148-9830-011657849b9f;citadel;189;65;2026-01-15 18:20:36.298574+00;2026-01-15 18:20:36.298574+00
e6c872b6-c1a0-4fdd-ae4c-c27cbd49ebdc;coatue;94;73;2026-01-15 18:20:36.298574+00;2026-01-15 18:20:36.298574+00
f91dc94f-84bf-4761-994b-b519240a6c7c;de-shaw;112;71;2026-01-15 18:20:36.298574+00;2026-01-15 18:20:36.298574+00
d0eff9d2-17d3-4a17-9b57-f52e2c3c72e9;elliott;76;62;2026-01-15 18:20:36.298574+00;2026-01-15 18:20:36.298574+00
d20cbb93-1aa1-4c3a-99ab-0f52bc593f57;firstrade;143;74;2026-01-15 18:20:36.298574+00;2026-01-15 18:20:36.298574+00
e92b92f7-6ca9-4167-b48f-6109be4d312f;greenlight;67;68;2026-01-15 18:20:36.298574+00;2026-01-15 18:20:36.298574+00
333419de-b049-44af-9858-ef894d9d8b37;invesco;289;77;2026-01-15 18:20:36.298574+00;2026-01-15 18:20:36.298574+00
ee81b05c-bbe7-432f-910c-44658330821b;lone-pine;58;72;2026-01-15 18:20:36.298574+00;2026-01-15 18:20:36.298574+00
ee1ebdbd-29db-41d8-89fc-803aadd14634;manulife;356;73;2026-01-15 18:20:36.298574+00;2026-01-15 18:20:36.298574+00
8340cf51-5197-4879-af16-7165dc326bd9;marshall-wace;134;70;2026-01-15 18:20:36.298574+00;2026-01-15 18:20:36.298574+00
c235b209-bc4d-40e5-aed6-a2e19c641958;merrill-edge;478;82;2026-01-15 18:20:36.298574+00;2026-01-15 18:20:36.298574+00
09775a1a-a824-4173-af1a-e02a0a6c233e;millennium;201;74;2026-01-15 18:20:36.298574+00;2026-01-15 18:20:36.298574+00
e49b3bc5-0407-48fd-890e-667296ada74f;national-bank-canada;245;69;2026-01-15 18:20:36.298574+00;2026-01-15 18:20:36.298574+00
fec2c0ba-d84e-49be-be4b-cde4f652a8e2;pershing-square;167;66;2026-01-15 18:20:36.298574+00;2026-01-15 18:20:36.298574+00
802b488e-ea9b-4426-9cf8-0c1d5f02b7cb;pimco;389;79;2026-01-15 18:20:36.298574+00;2026-01-15 18:20:36.298574+00
c0716339-4b3c-4f79-9de8-56d8b712ffad;point72;123;71;2026-01-15 18:20:36.298574+00;2026-01-15 18:20:36.298574+00
f8fc8f8c-8ee4-4e4f-ae50-1aeb3061ed2f;power-corporation;45;64;2026-01-15 18:20:36.298574+00;2026-01-15 18:20:36.298574+00
6290bc4a-d8f1-4bb3-9f4e-5379a01885b5;public;234;67;2026-01-15 18:20:36.298574+00;2026-01-15 18:20:36.298574+00
f56e1eab-98da-4317-9f4a-c9244841fb76;questrade;412;80;2026-01-15 18:20:36.298574+00;2026-01-15 18:20:36.298574+00
a5eba8f3-5d7f-40bb-b83b-a543efc59355;scotiabank;378;74;2026-01-15 18:20:36.298574+00;2026-01-15 18:20:36.298574+00
e6006ce3-9f36-4f48-84bd-dcf8d05384f8;sofi-invest;289;69;2026-01-15 18:20:36.298574+00;2026-01-15 18:20:36.298574+00
41842371-843d-4969-8613-48b529bca6a0;state-street;456;78;2026-01-15 18:20:36.298574+00;2026-01-15 18:20:36.298574+00
a121adc5-207c-47b9-b435-993f7109daa1;tastytrade;198;81;2026-01-15 18:20:36.298574+00;2026-01-15 18:20:36.298574+00
9775399c-089e-4e25-8c8b-647621058f25;td-bank;567;76;2026-01-15 18:20:36.298574+00;2026-01-15 18:20:36.298574+00
6306c2a7-8093-4251-a9de-cb4a4aa9938a;td-direct-investing;634;83;2026-01-15 18:20:36.298574+00;2026-01-15 18:20:36.298574+00
4c307fa7-2f95-4571-81ad-9ba91edc37cb;third-point;78;65;2026-01-15 18:20:36.298574+00;2026-01-15 18:20:36.298574+00
f4107e81-fd44-42f3-9927-8453b472edea;tiger-global;112;63;2026-01-15 18:20:36.298574+00;2026-01-15 18:20:36.298574+00
0e43da23-0b33-4639-a7ec-61f9bfccb978;tradestation;187;79;2026-01-15 18:20:36.298574+00;2026-01-15 18:20:36.298574+00
1c6f67c9-0ba8-4765-9cdc-bdb6a4cd5e35;two-sigma;156;75;2026-01-15 18:20:36.298574+00;2026-01-15 18:20:36.298574+00
f8b11868-3166-4677-be96-88b440ce7fc3;viking-global;67;70;2026-01-15 18:20:36.298574+00;2026-01-15 18:20:36.298574+00
dc30eb7b-3510-4a53-b438-5be17abdbb40;webull;345;71;2026-01-15 18:20:36.298574+00;2026-01-15 18:20:36.298574+00
3c027e11-a8e3-4d80-a2b6-e30e1ab6ffcb;winton;89;72;2026-01-15 18:20:36.298574+00;2026-01-15 18:20:36.298574+00
1d98d372-bed0-4945-9966-3be8cee0e24a;abn-amro;156;49;2026-01-13 15:06:13.187575+00;2026-01-13 15:06:13.187575+00
f56d8a4d-ff84-4917-8c61-32fbecc6e679;absa;189;52;2026-01-13 15:06:13.187575+00;2026-01-13 15:06:13.187575+00
6285c104-6a0d-4ca8-b6e8-0f3274f7989a;apg;234;88;2026-01-13 15:06:13.187575+00;2026-01-13 15:06:13.187575+00
a35ae058-1845-44f7-bb2b-2963709a5594;capital-group;312;95;2026-01-13 15:06:13.187575+00;2026-01-13 15:06:13.187575+00
4e837ffb-cd43-41be-89fd-476d04de058e;coinbase-exchange;178;84;2026-01-13 15:06:13.187575+00;2026-01-13 15:06:13.187575+00
fc47f1aa-18c7-4a61-90e3-a9f53ab4bdf8;future-fund;423;90;2026-01-13 15:06:13.187575+00;2026-01-13 15:06:13.187575+00
99d8a487-caf6-4f46-ad89-2f377193bd89;htx;67;20;2026-01-13 16:33:59.65974+00;2026-01-13 16:33:59.65974+00
22233bb4-6172-468d-842e-db33403f1e4f;justforex;45;20;2026-01-13 15:06:13.187575+00;2026-01-13 15:06:13.187575+00
e9ce3853-166a-47a4-862e-321bf7d7d2c5;rbc;567;94;2026-01-13 15:06:13.187575+00;2026-01-13 15:06:13.187575+00
b9b52f07-34fe-41b8-aefc-57b4376671e1;renaissance;345;90;2026-01-13 15:06:13.187575+00;2026-01-13 15:06:13.187575+00
b175ae4c-3241-419d-b441-21cae5f2439d;revolut;289;95;2026-01-13 15:38:55.673198+00;2026-01-13 15:38:55.673198+00
65a2706a-2b2d-4022-9398-55e64800b899;us-bank;312;72;2026-01-15 18:21:19.659829+00;2026-01-15 18:21:19.659829+00
52aab19e-360e-4c8a-b17e-1f5235ea4d1a;pnc;234;68;2026-01-15 18:21:19.659829+00;2026-01-15 18:21:19.659829+00
0efc67dc-74d3-40cb-b0b3-452ea515b784;truist;189;71;2026-01-15 18:21:19.659829+00;2026-01-15 18:21:19.659829+00
ed1658a8-e905-4858-b99c-dd86600ae3fc;lloyds;345;75;2026-01-15 18:21:19.659829+00;2026-01-15 18:21:19.659829+00
afd9500e-6e76-4713-a4b4-3c5bffade2b0;natwest;267;68;2026-01-15 18:21:19.659829+00;2026-01-15 18:21:19.659829+00
f9709af1-aef6-46c6-ac04-0ddf5587aeb4;standard-chartered;289;72;2026-01-15 18:21:19.659829+00;2026-01-15 18:21:19.659829+00
73dd87dd-b445-4da9-8e22-54f50543f6de;schroders;156;77;2026-01-15 18:21:19.659829+00;2026-01-15 18:21:19.659829+00
e802640c-5978-400a-a2ab-d6da09a38c1e;aberdeen;134;70;2026-01-15 18:21:19.659829+00;2026-01-15 18:21:19.659829+00
9c3f5dfd-10b4-446e-be48-33ab09d15a1c;legal-general;245;76;2026-01-15 18:21:19.659829+00;2026-01-15 18:21:19.659829+00
876aca7d-e4fe-4d17-a844-befd25dd4851;man-group;167;73;2026-01-15 18:21:19.659829+00;2026-01-15 18:21:19.659829+00
5fdf95a9-0ec4-45fe-964e-decd6be1cc98;hargreaves-lansdown;423;74;2026-01-15 18:21:19.659829+00;2026-01-15 18:21:19.659829+00
b888f196-37bc-495a-97b4-d11911cd9e07;ig-group;312;69;2026-01-15 18:21:19.659829+00;2026-01-15 18:21:19.659829+00
52f019ae-e247-4ca6-a5d5-a50cff6d994f;cmc-markets;178;71;2026-01-15 18:21:19.659829+00;2026-01-15 18:21:19.659829+00
36cf1778-dda3-46fe-a8c4-c989e8e29e40;fidelity;208;67.3429951690821256;2026-01-13 15:06:13.187575+00;2026-01-16 12:17:25.806068+00
319f7463-e17b-48bc-9d3e-11a2814a6b4f;commerzbank;289;73;2026-01-15 18:21:19.659829+00;2026-01-15 18:21:19.659829+00
1397240a-daea-4470-832b-00564d307381;dws;156;72;2026-01-15 18:21:19.659829+00;2026-01-15 18:21:19.659829+00
783b2d11-d3f2-449e-91d7-fbce430c2c59;allianz-gi;198;75;2026-01-15 18:21:19.659829+00;2026-01-15 18:21:19.659829+00
02537b96-8a19-4cbc-ac8d-bb7e9fb2d677;trade-republic;467;78;2026-01-15 18:21:19.659829+00;2026-01-15 18:21:19.659829+00
d5b6c2c0-3bd4-4dfc-b243-00ad9ed6bfc0;bnp-paribas;356;74;2026-01-15 18:21:19.659829+00;2026-01-15 18:21:19.659829+00
347ef84a-b7b8-4e8c-9b19-bddbe98ead06;societe-generale;234;69;2026-01-15 18:21:19.659829+00;2026-01-15 18:21:19.659829+00
421cbcdb-637c-42cd-843b-03b321ff1628;credit-agricole;267;71;2026-01-15 18:21:19.659829+00;2026-01-15 18:21:19.659829+00
65525b10-6e05-4cb7-8af4-3518fa350af4;amundi;178;76;2026-01-15 18:21:19.659829+00;2026-01-15 18:21:19.659829+00
d286ece2-25ec-42f6-815f-02c2cc04bbf9;axa-im;145;74;2026-01-15 18:21:19.659829+00;2026-01-15 18:21:19.659829+00
784e407e-c456-4bac-a691-8719a9701725;julius-baer;189;77;2026-01-15 18:21:19.659829+00;2026-01-15 18:21:19.659829+00
bb0e80ed-a88c-4681-96e1-54cd8e25ca66;pictet;156;78;2026-01-15 18:21:19.659829+00;2026-01-15 18:21:19.659829+00
e7cc82cf-98f6-4826-b45e-a6450dbe90a9;lombard-odier;134;75;2026-01-15 18:21:19.659829+00;2026-01-15 18:21:19.659829+00
505acc02-b670-48d5-922b-b142cd6087a0;swissquote;298;76;2026-01-15 18:21:19.659829+00;2026-01-15 18:21:19.659829+00
86cb5542-b1ab-40dc-9190-376d8eb20ffe;ing;412;78;2026-01-15 18:21:19.659829+00;2026-01-15 18:21:19.659829+00
c1c06fd0-9dfb-4bd5-8d2d-f4c0f1c45fb3;robeco;134;74;2026-01-15 18:21:19.659829+00;2026-01-15 18:21:19.659829+00
f7950343-a378-4fc9-b699-7c514c9318f2;degiro;523;75;2026-01-15 18:21:19.659829+00;2026-01-15 18:21:19.659829+00
ddd64172-f13e-460d-8c99-6cddf481da6d;santander;456;76;2026-01-15 18:21:19.659829+00;2026-01-15 18:21:19.659829+00
22c157bc-8c7f-4084-9f8e-33267033759d;bbva;345;74;2026-01-15 18:21:19.659829+00;2026-01-15 18:21:19.659829+00
e4c35789-34f5-4db0-9fc1-d8a30b011e5f;caixabank;234;72;2026-01-15 18:21:19.659829+00;2026-01-15 18:21:19.659829+00
74dde95b-b880-4308-8a28-83bf7d5f4364;intesa;267;73;2026-01-15 18:21:19.659829+00;2026-01-15 18:21:19.659829+00
1ccdf217-26f2-48fe-bc70-b9987a7bb4ea;unicredit;289;74;2026-01-15 18:21:19.659829+00;2026-01-15 18:21:19.659829+00
0a8c9c5a-16f0-4c75-9c64-bb5aa7da2cd6;nordea;345;74;2026-01-15 18:21:19.659829+00;2026-01-15 18:21:19.659829+00
2aef8262-d7c8-4fdc-9d68-19cb3054e13a;danske-bank;234;71;2026-01-15 18:21:19.659829+00;2026-01-15 18:21:19.659829+00
7a16e30d-485f-49f4-b514-c848dd9be5ab;seb;189;73;2026-01-15 18:21:19.659829+00;2026-01-15 18:21:19.659829+00
6a7ae2a5-f743-49e9-b43d-f7cf6da150d3;swedbank;156;70;2026-01-15 18:21:19.659829+00;2026-01-15 18:21:19.659829+00
fdc1f8b9-963c-409a-9b6b-02f53f69a357;handelsbanken;178;74;2026-01-15 18:21:19.659829+00;2026-01-15 18:21:19.659829+00
2d9001ce-d577-4045-973b-cf70f0ee3c87;dnb;234;76;2026-01-15 18:21:19.659829+00;2026-01-15 18:21:19.659829+00
97cec797-1636-4d8c-ac16-489609d6c142;saxo-bank;356;77;2026-01-15 18:21:19.659829+00;2026-01-15 18:21:19.659829+00
a7606632-c427-4d24-bd7d-c0c302e02c72;nordnet;289;75;2026-01-15 18:21:19.659829+00;2026-01-15 18:21:19.659829+00
ca09acad-b5ea-4e6b-a647-a7772767aa77;avanza;312;73;2026-01-15 18:21:19.659829+00;2026-01-15 18:21:19.659829+00
d4d78821-dc4f-4538-82e2-4ae652a31e62;nomura;245;74;2026-01-15 18:21:34.968103+00;2026-01-15 18:21:34.968103+00
6f927cfe-40f9-4772-8771-66c15999dd05;daiwa;189;72;2026-01-15 18:21:34.968103+00;2026-01-15 18:21:34.968103+00
5fbc4a47-22de-4bbf-b390-a2a7d2292622;mitsubishi-ufj;456;75;2026-01-15 18:21:34.968103+00;2026-01-15 18:21:34.968103+00
115aca0e-cc14-47ea-99a7-9a49e395d8e2;mizuho;345;73;2026-01-15 18:21:34.968103+00;2026-01-15 18:21:34.968103+00
3e4d5fdb-78c9-4045-8b4f-006dc1e54e4a;smbc;378;74;2026-01-15 18:21:34.968103+00;2026-01-15 18:21:34.968103+00
63e40b47-984f-406d-a62d-6061b4a365dd;sbi;289;71;2026-01-15 18:21:34.968103+00;2026-01-15 18:21:34.968103+00
d7d1d3b1-f900-4658-bc44-fbf8941cb6b7;nikko;156;70;2026-01-15 18:21:34.968103+00;2026-01-15 18:21:34.968103+00
087d2110-5875-4ddd-9362-358ca641d365;asset-management-one;134;73;2026-01-15 18:21:34.968103+00;2026-01-15 18:21:34.968103+00
df99c440-9b90-4708-9a8c-f8dc4d84f00c;icbc;523;72;2026-01-15 18:21:34.968103+00;2026-01-15 18:21:34.968103+00
4505c4ce-dfe9-464d-abec-672a7eb85136;ccb;456;71;2026-01-15 18:21:34.968103+00;2026-01-15 18:21:34.968103+00
664eec20-4152-41b3-9fc4-9a1317712c87;boc;389;73;2026-01-15 18:21:34.968103+00;2026-01-15 18:21:34.968103+00
40ea6cbf-79f6-484d-a7c2-e3c7acdc5bfb;abc;345;70;2026-01-15 18:21:34.968103+00;2026-01-15 18:21:34.968103+00
4223a295-a321-4c18-bec5-88fd9b11abe0;ping-an;267;74;2026-01-15 18:21:34.968103+00;2026-01-15 18:21:34.968103+00
b77fc45d-b5f4-4454-84ad-c682a6cc66e3;china-life;234;71;2026-01-15 18:21:34.968103+00;2026-01-15 18:21:34.968103+00
d5b19ed7-6897-471f-8f4c-788668f8cd9e;citic-securities;189;72;2026-01-15 18:21:34.968103+00;2026-01-15 18:21:34.968103+00
6bf70b08-2dc0-4c75-8734-295e755432df;huatai;156;70;2026-01-15 18:21:34.968103+00;2026-01-15 18:21:34.968103+00
3431dd6b-e087-46bf-9393-6667213791c6;futu;312;75;2026-01-15 18:21:34.968103+00;2026-01-15 18:21:34.968103+00
861636cb-5fb9-4db7-9d0a-7cafd0cf5b16;tiger-brokers;267;73;2026-01-15 18:21:34.968103+00;2026-01-15 18:21:34.968103+00
098d0bec-fb34-4905-bc76-3757fe2bbae1;dbs;356;78;2026-01-15 18:21:34.968103+00;2026-01-15 18:21:34.968103+00
103cf2c4-5d1a-4a83-a379-fc20945b6221;ocbc;289;76;2026-01-15 18:21:34.968103+00;2026-01-15 18:21:34.968103+00
222ce6ce-0bf1-4e51-80e7-9d651e18abf9;uob;267;75;2026-01-15 18:21:34.968103+00;2026-01-15 18:21:34.968103+00
d010815e-32ee-475d-8ff9-0b88ac52deeb;temasek;123;85;2026-01-15 18:21:34.968103+00;2026-01-15 18:21:34.968103+00
a95cc84a-57f3-4cc6-bedb-0a84d43a2c5f;gic;134;84;2026-01-15 18:21:34.968103+00;2026-01-15 18:21:34.968103+00
ed44d03d-7985-4430-9247-e23cd88a3077;cba;345;77;2026-01-15 18:21:34.968103+00;2026-01-15 18:21:34.968103+00
719f9afa-fd4c-4661-aec7-b789cb3d8f69;nab;312;75;2026-01-15 18:21:34.968103+00;2026-01-15 18:21:34.968103+00
4820a0d6-d0cf-40cb-8d19-47720261b183;anz;289;74;2026-01-15 18:21:34.968103+00;2026-01-15 18:21:34.968103+00
11a3d014-fed4-4aae-9588-f090752ac219;westpac;267;73;2026-01-15 18:21:34.968103+00;2026-01-15 18:21:34.968103+00
a6865924-8292-40fc-bae9-2e19326f7997;macquarie;234;78;2026-01-15 18:21:34.968103+00;2026-01-15 18:21:34.968103+00
9948b745-d091-48f2-8cef-3bea92d48e1a;suncorp;189;72;2026-01-15 18:21:34.968103+00;2026-01-15 18:21:34.968103+00
6e95f061-a9cc-4930-9a9f-670048fe9ce2;samsung-securities;245;76;2026-01-15 18:21:34.968103+00;2026-01-15 18:21:34.968103+00
82244965-245b-4240-a63f-84d335ff8cf1;kb-securities;189;74;2026-01-15 18:21:34.968103+00;2026-01-15 18:21:34.968103+00
96ee54ff-bd5f-475e-8c8a-c49582010f0f;mirae-asset;156;75;2026-01-15 18:21:34.968103+00;2026-01-15 18:21:34.968103+00
0339ef7c-a7b2-48c3-ae7b-46fbaa5f9eaf;emirates-nbd;178;73;2026-01-15 18:21:34.968103+00;2026-01-15 18:21:34.968103+00
a57a430d-2b11-444a-98e6-f6fe439cedf1;fab;156;75;2026-01-15 18:21:34.968103+00;2026-01-15 18:21:34.968103+00
469417d8-ae18-4c8e-a2b6-af160fdcc13e;adia;89;85;2026-01-15 18:21:34.968103+00;2026-01-15 18:21:34.968103+00
b22d0e03-28c9-453c-b493-1c40ce971d87;mubadala;67;82;2026-01-15 18:21:34.968103+00;2026-01-15 18:21:34.968103+00
a84d7c31-6ea0-40e8-89d9-1950a7ef24a0;snb;189;74;2026-01-15 18:21:34.968103+00;2026-01-15 18:21:34.968103+00
4107e312-6cc0-4bed-a1ae-e842cafc7882;al-rajhi;234;76;2026-01-15 18:21:34.968103+00;2026-01-15 18:21:34.968103+00
9dd8ce5b-f644-4a37-8769-55ff655767ab;pif;78;83;2026-01-15 18:21:34.968103+00;2026-01-15 18:21:34.968103+00
44c1cad6-91c0-4d07-9466-772b50985db4;qnb;245;75;2026-01-15 18:21:34.968103+00;2026-01-15 18:21:34.968103+00
69aac199-34d9-418d-8f3b-63e43459b58d;qia;56;84;2026-01-15 18:21:34.968103+00;2026-01-15 18:21:34.968103+00
8b4f251e-2aa2-44a1-8aee-6d0195232f39;kia;45;85;2026-01-15 18:21:34.968103+00;2026-01-15 18:21:34.968103+00
d7678ba1-4127-4b1a-bf75-7344d6a34b0b;nbk;134;72;2026-01-15 18:21:34.968103+00;2026-01-15 18:21:34.968103+00
2ee4185a-7e3c-48ba-a671-4df4a919b7ad;standard-bank;289;73;2026-01-15 18:21:34.968103+00;2026-01-15 18:21:34.968103+00
02e1c394-3291-4ef7-8b6a-9c683712d021;firstrand;234;71;2026-01-15 18:21:34.968103+00;2026-01-15 18:21:34.968103+00
98315a4c-6810-45cc-9353-92612401fb45;nedbank;189;72;2026-01-15 18:21:34.968103+00;2026-01-15 18:21:34.968103+00
1f052ed2-938a-4f4a-9405-7c8be45df97b;pic;78;74;2026-01-15 18:21:34.968103+00;2026-01-15 18:21:34.968103+00
dca77ea1-3f23-48d4-98d6-4f1bbb76cd37;allan-gray;112;75;2026-01-15 18:21:34.968103+00;2026-01-15 18:21:34.968103+00
622d5f42-1b32-4177-8336-9570215c8213;itau;345;75;2026-01-15 18:21:34.968103+00;2026-01-15 18:21:34.968103+00
8de48644-09a2-4b89-b1c7-0e32d0098f35;bradesco;289;73;2026-01-15 18:21:34.968103+00;2026-01-15 18:21:34.968103+00
768f9d07-2b81-4cae-ae71-b35adafb2dd7;banco-do-brasil;267;74;2026-01-15 18:21:34.968103+00;2026-01-15 18:21:34.968103+00
4788a9ea-e70b-4c36-b999-7fe0c9e16026;btg;178;77;2026-01-15 18:21:34.968103+00;2026-01-15 18:21:34.968103+00
eb0a738f-6f39-49db-b7b1-d32d9d13018d;xp;312;76;2026-01-15 18:21:34.968103+00;2026-01-15 18:21:34.968103+00
8ddd4fd5-1c00-4b65-97b2-41ca7c347ae3;nubank;456;78;2026-01-15 18:21:34.968103+00;2026-01-15 18:21:34.968103+00
7ecc5b08-7aff-4eac-8838-3a18d0a7d3b2;banorte;189;73;2026-01-15 18:21:34.968103+00;2026-01-15 18:21:34.968103+00
a6d458a5-a9b0-4f05-ae9d-96f1c501fa23;bbva-mexico;245;74;2026-01-15 18:21:34.968103+00;2026-01-15 18:21:34.968103+00
ad07b1a0-36f0-4b70-ace3-d99cecf884a0;gbm;134;71;2026-01-15 18:21:34.968103+00;2026-01-15 18:21:34.968103+00
d3d6136d-e203-49f5-a970-14af19fae929;grupo-aval;156;72;2026-01-15 18:21:34.968103+00;2026-01-15 18:21:34.968103+00
dd7e3957-3fca-42bb-a740-4b7c5f3cd798;bancolombia;189;74;2026-01-15 18:21:34.968103+00;2026-01-15 18:21:34.968103+00
2593184c-0f85-43f6-8435-a4a1be1b367e;banco-de-chile;145;73;2026-01-15 18:21:34.968103+00;2026-01-15 18:21:34.968103+00
c10bf682-3693-4597-81f9-731171dc17e1;bci;123;71;2026-01-15 18:21:34.968103+00;2026-01-15 18:21:34.968103+00
511ead47-1e59-4d18-a6b7-252712ce3166;afp-capital;89;72;2026-01-15 18:21:34.968103+00;2026-01-15 18:21:34.968103+00
898f551e-c8a0-4ed0-817e-d06e9475809b;credicorp;134;74;2026-01-15 18:21:34.968103+00;2026-01-15 18:21:34.968103+00
698aaa5e-e423-483c-b373-d817893b65b9;banco-galicia;112;70;2026-01-15 18:21:34.968103+00;2026-01-15 18:21:34.968103+00
cd39f1ee-45ad-4a78-b614-4133dc60d316;grayscale;234;68;2026-01-15 18:21:46.420798+00;2026-01-15 18:21:46.420798+00
50b7fe8c-c196-4e0e-94d8-6a631fdbbc82;galaxy-digital;178;70;2026-01-15 18:21:46.420798+00;2026-01-15 18:21:46.420798+00
990c98d4-f9c2-4d24-a877-23f5d00e36a0;bitwise;156;72;2026-01-15 18:21:46.420798+00;2026-01-15 18:21:46.420798+00
60dde242-ebbc-43ce-bdfa-2262d411ef18;moomoo;345;74;2026-01-15 18:21:46.420798+00;2026-01-15 18:21:46.420798+00
486aacad-ea61-45bd-ba99-8cbf3bd5201b;tradier;134;71;2026-01-15 18:21:46.420798+00;2026-01-15 18:21:46.420798+00
056ba705-3e9b-4153-8ef6-7612b4cc20d2;balyasny;89;76;2026-01-15 18:21:46.420798+00;2026-01-15 18:21:46.420798+00
663469c0-d019-4b72-a99e-41ed85c56eab;och-ziff;78;74;2026-01-15 18:21:46.420798+00;2026-01-15 18:21:46.420798+00
d721061f-6c6f-494b-aef8-0f3100147f89;ci-financial;156;72;2026-01-15 18:21:46.420798+00;2026-01-15 18:21:46.420798+00
de7ad3ab-77e4-4678-b222-b76a7972aa43;agf;134;71;2026-01-15 18:21:46.420798+00;2026-01-15 18:21:46.420798+00
71f8cc0f-263e-497e-893d-8988f6e4e0a3;fiera-capital;112;73;2026-01-15 18:21:46.420798+00;2026-01-15 18:21:46.420798+00
e55bcb83-79b5-4d69-ad3a-c0f743e3a805;cppib;67;82;2026-01-15 18:21:46.420798+00;2026-01-15 18:21:46.420798+00
5a6e791c-015b-47d6-9e93-27be3eeb4928;otpp;78;81;2026-01-15 18:21:46.420798+00;2026-01-15 18:21:46.420798+00
f94d34f9-2c28-4d11-a45d-6287a047f28c;caisse;89;80;2026-01-15 18:21:46.420798+00;2026-01-15 18:21:46.420798+00
06ce2e89-5a70-40b1-8dbe-10563dbb1e08;desjardins;312;76;2026-01-15 18:21:46.420798+00;2026-01-15 18:21:46.420798+00
896f6a87-6abe-463e-9126-fa6dc4c8cca3;nbcn;178;74;2026-01-15 18:21:46.420798+00;2026-01-15 18:21:46.420798+00
1636cd24-1933-42ac-b212-4e1092ebd6ae;phillip-securities;189;73;2026-01-15 18:21:46.420798+00;2026-01-15 18:21:46.420798+00
1890bb3c-d6b7-45ce-a582-dda278dc94d3;moomoo-sg;145;75;2026-01-15 18:21:46.420798+00;2026-01-15 18:21:46.420798+00
187f1654-cfad-4bcc-b911-ddf2f63d87e0;selfwealth;167;74;2026-01-15 18:21:46.420798+00;2026-01-15 18:21:46.420798+00
ec1066e1-361a-45f0-a295-65a473400f6b;commsec;289;76;2026-01-15 18:21:46.420798+00;2026-01-15 18:21:46.420798+00
2853a45e-2391-42d5-937e-1b8e17e14c96;nabtrade;234;75;2026-01-15 18:21:46.420798+00;2026-01-15 18:21:46.420798+00
5e51171a-5772-4caf-ba88-cc2606ed53d4;sbi-securities;312;77;2026-01-15 18:21:46.420798+00;2026-01-15 18:21:46.420798+00
3b2d8017-fc77-47ed-9b32-bcf2954ef09e;rakuten-securities;267;76;2026-01-15 18:21:46.420798+00;2026-01-15 18:21:46.420798+00
093e58d5-6088-4b75-a56b-1a33c3efe031;monex;189;74;2026-01-15 18:21:46.420798+00;2026-01-15 18:21:46.420798+00
272bc799-2e21-4866-bbde-09ac7319e812;matsui;156;73;2026-01-15 18:21:46.420798+00;2026-01-15 18:21:46.420798+00
ca1e6ead-3ff3-433e-90f2-636d7af6e1be;bochk;234;74;2026-01-15 18:21:46.420798+00;2026-01-15 18:21:46.420798+00
4e081156-2da2-4dfc-9717-f5d1bae9b711;hang-seng;267;76;2026-01-15 18:21:46.420798+00;2026-01-15 18:21:46.420798+00
847fd83f-0457-45b5-aa3e-df12c258053f;bank-of-east-asia;178;73;2026-01-15 18:21:46.420798+00;2026-01-15 18:21:46.420798+00
0d306a2a-5751-4fd5-8358-5064e1ec2aaa;hsbc-hk;345;77;2026-01-15 18:21:46.420798+00;2026-01-15 18:21:46.420798+00
fcbe2250-9a11-41d3-bc31-b427a6f8690e;atp;89;82;2026-01-15 18:21:46.420798+00;2026-01-15 18:21:46.420798+00
04ecef02-2598-47a7-8457-df7640a4112a;pfa;78;80;2026-01-15 18:21:46.420798+00;2026-01-15 18:21:46.420798+00
0e165ca2-3c44-406f-994d-4d7b8d268c2e;gpfg;56;88;2026-01-15 18:21:46.420798+00;2026-01-15 18:21:46.420798+00
f11bc4a8-0d05-4520-b031-5358fa034d76;ap-funds;67;84;2026-01-15 18:21:46.420798+00;2026-01-15 18:21:46.420798+00
52cba8f6-084e-476d-b47c-610ac7988164;sberbank;267;65;2026-01-15 18:21:46.420798+00;2026-01-15 18:21:46.420798+00
2c88fa9f-caca-4be9-9d74-52c5fbfd54c1;vtb-bank;189;62;2026-01-15 18:21:46.420798+00;2026-01-15 18:21:46.420798+00
13d63285-28b6-439a-bd25-8dd92d4d5859;gazprombank;145;63;2026-01-15 18:21:46.420798+00;2026-01-15 18:21:46.420798+00
280ec113-b2ce-497d-8541-6ebe1944c010;pko-bank-polski;234;73;2026-01-15 18:21:46.420798+00;2026-01-15 18:21:46.420798+00
095288ca-98dd-4303-8dbe-2d081527000d;bank-pekao;178;71;2026-01-15 18:21:46.420798+00;2026-01-15 18:21:46.420798+00
39324844-4c44-44d9-8459-4eb73c28820a;mbank;189;74;2026-01-15 18:21:46.420798+00;2026-01-15 18:21:46.420798+00
b8a2cdb5-e210-4c96-83fe-baa21cd5e718;kfw-bank;89;82;2026-01-15 18:21:46.420798+00;2026-01-15 18:21:46.420798+00
8fb634a2-483d-47ab-8cf3-cf695c9c2796;rabobank;267;77;2026-01-15 18:21:46.420798+00;2026-01-15 18:21:46.420798+00
2ca82f1b-9ba2-421b-aa88-01df40ee7567;kbc-group;189;75;2026-01-15 18:21:46.420798+00;2026-01-15 18:21:46.420798+00
9fff44f8-03f0-4ece-b2a7-fb2c81cbd26c;argenta;112;72;2026-01-15 18:21:46.420798+00;2026-01-15 18:21:46.420798+00
b3746a87-988e-43f0-875f-19c14ce1379e;caixa-geral-depositos;134;71;2026-01-15 18:22:06.945615+00;2026-01-15 18:22:06.945615+00
77cdee95-3839-42c4-8432-b9c248d2a562;banco-comercial-portugues;112;70;2026-01-15 18:22:06.945615+00;2026-01-15 18:22:06.945615+00
40d192bb-a861-44a8-ac12-96d72fc48ff1;novo-banco;89;68;2026-01-15 18:22:06.945615+00;2026-01-15 18:22:06.945615+00
44c86b6e-927f-4023-9bc6-8c71d49b7492;komercijalna-banka;45;67;2026-01-15 18:22:06.945615+00;2026-01-15 18:22:06.945615+00
13789c43-2fb8-4a58-9771-2129a980ef9f;erste-bank-serbia;67;72;2026-01-15 18:22:06.945615+00;2026-01-15 18:22:06.945615+00
bf35662e-55c1-48e5-953d-4418aeb6176d;dsk-bank;89;73;2026-01-15 18:22:06.945615+00;2026-01-15 18:22:06.945615+00
4627e8d4-b84f-4417-b051-5664a4518474;first-investment-bank;56;69;2026-01-15 18:22:06.945615+00;2026-01-15 18:22:06.945615+00
f3f147fa-a33b-4422-95a8-52d9be4152af;united-bulgarian-bank;45;68;2026-01-15 18:22:06.945615+00;2026-01-15 18:22:06.945615+00
4e932251-1858-4479-ad18-a635c80d0147;citadele-bank;56;71;2026-01-15 18:22:06.945615+00;2026-01-15 18:22:06.945615+00
e8538f5e-d236-4078-8481-18569ffc58ce;rietumu-banka;45;70;2026-01-15 18:22:06.945615+00;2026-01-15 18:22:06.945615+00
985cb5b6-200e-408b-ad9a-3a256a00813c;siauliu-bankas;67;72;2026-01-15 18:22:06.945615+00;2026-01-15 18:22:06.945615+00
065dc2e5-24f7-4a1d-8852-645d2802fbbb;luminor-bank-estonia;78;73;2026-01-15 18:22:06.945615+00;2026-01-15 18:22:06.945615+00
7c52fd72-084b-4057-9540-5c0ca1e2b915;coop-pank;89;75;2026-01-15 18:22:06.945615+00;2026-01-15 18:22:06.945615+00
f66d2433-6a11-4c82-b9ac-bebcb583a3d6;sparebank-1;178;76;2026-01-15 18:22:06.945615+00;2026-01-15 18:22:06.945615+00
f3f1a57e-f68a-4440-8bab-d0cbdb18c693;sparebanken-vest;123;74;2026-01-15 18:22:06.945615+00;2026-01-15 18:22:06.945615+00
dca73f45-6ed6-4fda-bd6f-19096a57a441;op-financial-group;189;77;2026-01-15 18:22:06.945615+00;2026-01-15 18:22:06.945615+00
abcb2ddc-0b84-4ee7-9952-a41fbf7b033f;aktia-bank;112;73;2026-01-15 18:22:06.945615+00;2026-01-15 18:22:06.945615+00
e292024b-de8a-4374-8e1d-632f50e42e1c;pop-bank-group;134;72;2026-01-15 18:22:06.945615+00;2026-01-15 18:22:06.945615+00
637a3ad3-e3e3-464e-bfff-b1b6dbf725fa;belarusbank;67;65;2026-01-15 18:22:06.945615+00;2026-01-15 18:22:06.945615+00
49712e72-80b5-47b0-96c7-74be5dd1c8a6;belagroprombank;45;63;2026-01-15 18:22:06.945615+00;2026-01-15 18:22:06.945615+00
ac36d42b-428e-4203-94d3-07a912e459cf;priorbank;56;68;2026-01-15 18:22:06.945615+00;2026-01-15 18:22:06.945615+00
6e061777-98b3-4f05-86fd-63442434ae84;bcr;134;72;2026-01-15 18:22:06.945615+00;2026-01-15 18:22:06.945615+00
1eb4e1aa-9348-4fee-bfbf-0b38378223fa;cec-bank;112;70;2026-01-15 18:22:06.945615+00;2026-01-15 18:22:06.945615+00
539def0b-3c83-4e06-b38d-bf22370ed1f6;transilvania-bank;145;73;2026-01-15 18:22:06.945615+00;2026-01-15 18:22:06.945615+00
b2abc7fa-6d27-40a2-ac21-973b2d29ba05;national-bank-of-greece;178;71;2026-01-15 18:22:06.945615+00;2026-01-15 18:22:06.945615+00
38011db0-46a8-493f-b071-d0b0d619c81d;piraeus-bank;156;69;2026-01-15 18:22:06.945615+00;2026-01-15 18:22:06.945615+00
9eeba364-e0da-41d6-934b-4ba365e9e7cb;alpha-bank;167;72;2026-01-15 18:22:06.945615+00;2026-01-15 18:22:06.945615+00
3ed75857-5763-4549-96c5-c328d683feb8;axitrader;145;68;2026-01-15 18:22:06.945615+00;2026-01-15 18:22:06.945615+00
3c5ac384-f6a0-4541-89a1-1a013c0efc91;vantage-fx;123;66;2026-01-15 18:22:06.945615+00;2026-01-15 18:22:06.945615+00
a196b968-98e5-4454-9cf6-62973f24c9c7;titan-fx;89;65;2026-01-15 18:22:06.945615+00;2026-01-15 18:22:06.945615+00
a1562f58-1a6f-4755-af9d-fb923b177aba;gpif;45;92;2026-01-15 18:22:06.945615+00;2026-01-15 18:22:06.945615+00
3edc5c63-3455-44d7-ab25-49566a03284c;pggm;67;86;2026-01-15 18:22:06.945615+00;2026-01-15 18:22:06.945615+00
66745e1f-2987-4d74-a86a-721d71b02ce3;calpers;89;84;2026-01-15 18:22:06.945615+00;2026-01-15 18:22:06.945615+00
6d3f28c4-a5ca-4333-a563-0e068003ba25;nycers;78;82;2026-01-15 18:22:06.945615+00;2026-01-15 18:22:06.945615+00
be157a5a-a923-4873-838e-9eeb0df64f0e;calstrs;67;83;2026-01-15 18:22:06.945615+00;2026-01-15 18:22:06.945615+00
f5bb5d19-8d00-4312-bfc3-23822844baa7;strs-ohio;56;80;2026-01-15 18:22:06.945615+00;2026-01-15 18:22:06.945615+00
02d77590-bf82-4d9e-8e35-f37cdf6479fb;wsib;45;81;2026-01-15 18:22:06.945615+00;2026-01-15 18:22:06.945615+00
65cc16e3-ef30-4d9c-9374-cddbaaa39ac5;etoro;456;72;2026-01-15 18:22:06.945615+00;2026-01-15 18:22:06.945615+00
31209188-4a02-450f-aca0-864192242b2a;plus500;234;68;2026-01-15 18:22:06.945615+00;2026-01-15 18:22:06.945615+00
83b92531-60e7-4041-8473-106a607f3070;oanda;312;74;2026-01-15 18:22:06.945615+00;2026-01-15 18:22:06.945615+00
4241755d-52a8-4d88-a9ba-b1beacdf2875;pepperstone;267;76;2026-01-15 18:22:06.945615+00;2026-01-15 18:22:06.945615+00
a7634f5d-c8d8-46f2-88b7-f756004b3987;forex-com;289;73;2026-01-15 18:22:06.945615+00;2026-01-15 18:22:06.945615+00
5e45227b-1d08-491c-a495-1b76a11a5374;kraken;345;78;2026-01-15 18:22:06.945615+00;2026-01-15 18:22:06.945615+00
2289d8d9-d98a-48fb-a23d-81783b8d1552;coinbase-pro;234;76;2026-01-15 18:22:06.945615+00;2026-01-15 18:22:06.945615+00
7d300ccb-8c28-4d39-a90c-96dc567b7018;gemini;189;77;2026-01-15 18:22:06.945615+00;2026-01-15 18:22:06.945615+00
a73ed50b-cebc-4c5b-b2c1-c0dd781bcfd8;binance;567;74;2026-01-15 18:22:06.945615+00;2026-01-15 18:22:06.945615+00
b9e84038-7e9d-4834-a5d8-8820727630fa;kucoin;234;70;2026-01-15 18:22:06.945615+00;2026-01-15 18:22:06.945615+00
43336b16-ec6d-46eb-a94e-c9452ba044ac;bybit;289;71;2026-01-15 18:22:06.945615+00;2026-01-15 18:22:06.945615+00
173b3f15-e4bb-4591-ac25-ba7f741c1a85;okx;312;73;2026-01-15 18:22:06.945615+00;2026-01-15 18:22:06.945615+00
09a366d7-b4fb-48bc-9dc3-1f0c20809612;moldindconbank;156;68;2026-01-15 18:22:06.945615+00;2026-01-17 13:56:11.212164+00
9de92767-2245-4076-8651-d1e26d7f2b1e;victoriabank;289;69;2026-01-15 18:22:06.945615+00;2026-01-17 13:56:11.212164+00
5ea353e2-4cde-42b5-a47f-4e95a0157308;moldova-agroindbank;412;70;2026-01-15 18:22:06.945615+00;2026-01-17 13:56:11.212164+00